,gender,age,height_cm,weight_kg,bmi,smoking,heart_disease_hist,heart_disease_family_hist,bp_medication,diabetes,work_stress_level,exercise_level
0,0,0.47435897435897434,0.7457627118644068,0.2937853107344633,0.144,0,0,0,0,0,0.4,0.8
1,1,0.28205128205128205,0.7711864406779662,0.3389830508474576,0.16,1,0,1,0,0,0.4,0.2
2,1,0.4358974358974359,0.7627118644067796,0.3672316384180791,0.176,1,0,0,0,0,0.4,0.8
3,0,0.44871794871794873,0.6610169491525424,0.3785310734463277,0.208,0,0,0,0,0,0.8,0.6
4,1,0.3717948717948718,0.7966101694915254,0.4463276836158192,0.208,0,0,0,0,0,0.4,0.6
